maksssksksss195.png,maksssksksss195.csv
maksssksksss847.png,maksssksksss847.csv
maksssksksss506.png,maksssksksss506.csv
maksssksksss299.png,maksssksksss299.csv
maksssksksss355.png,maksssksksss355.csv
maksssksksss751.png,maksssksksss751.csv
maksssksksss310.png,maksssksksss310.csv
maksssksksss722.png,maksssksksss722.csv
maksssksksss463.png,maksssksksss463.csv
maksssksksss97.png,maksssksksss97.csv
maksssksksss318.png,maksssksksss318.csv
maksssksksss255.png,maksssksksss255.csv
maksssksksss285.png,maksssksksss285.csv
maksssksksss803.png,maksssksksss803.csv
maksssksksss160.png,maksssksksss160.csv
maksssksksss538.png,maksssksksss538.csv
maksssksksss372.png,maksssksksss372.csv
maksssksksss444.png,maksssksksss444.csv
maksssksksss817.png,maksssksksss817.csv
maksssksksss427.png,maksssksksss427.csv
maksssksksss67.png,maksssksksss67.csv
maksssksksss32.png,maksssksksss32.csv
maksssksksss650.png,maksssksksss650.csv
maksssksksss223.png,maksssksksss223.csv
maksssksksss809.png,maksssksksss809.csv
maksssksksss448.png,maksssksksss448.csv
maksssksksss53.png,maksssksksss53.csv
maksssksksss460.png,maksssksksss460.csv
maksssksksss41.png,maksssksksss41.csv
maksssksksss291.png,maksssksksss291.csv
maksssksksss313.png,maksssksksss313.csv
maksssksksss73.png,maksssksksss73.csv
maksssksksss93.png,maksssksksss93.csv
maksssksksss618.png,maksssksksss618.csv
maksssksksss303.png,maksssksksss303.csv
maksssksksss437.png,maksssksksss437.csv
maksssksksss755.png,maksssksksss755.csv
maksssksksss326.png,maksssksksss326.csv
maksssksksss46.png,maksssksksss46.csv
maksssksksss144.png,maksssksksss144.csv
maksssksksss512.png,maksssksksss512.csv
maksssksksss729.png,maksssksksss729.csv
maksssksksss640.png,maksssksksss640.csv
maksssksksss219.png,maksssksksss219.csv
maksssksksss600.png,maksssksksss600.csv
maksssksksss621.png,maksssksksss621.csv
maksssksksss752.png,maksssksksss752.csv
maksssksksss818.png,maksssksksss818.csv
maksssksksss268.png,maksssksksss268.csv
maksssksksss45.png,maksssksksss45.csv
maksssksksss554.png,maksssksksss554.csv
maksssksksss298.png,maksssksksss298.csv
maksssksksss129.png,maksssksksss129.csv
maksssksksss431.png,maksssksksss431.csv
maksssksksss395.png,maksssksksss395.csv
maksssksksss449.png,maksssksksss449.csv
maksssksksss665.png,maksssksksss665.csv
maksssksksss220.png,maksssksksss220.csv
maksssksksss202.png,maksssksksss202.csv
maksssksksss615.png,maksssksksss615.csv
maksssksksss741.png,maksssksksss741.csv
maksssksksss368.png,maksssksksss368.csv
maksssksksss474.png,maksssksksss474.csv
maksssksksss242.png,maksssksksss242.csv
maksssksksss759.png,maksssksksss759.csv
maksssksksss333.png,maksssksksss333.csv
maksssksksss209.png,maksssksksss209.csv
maksssksksss400.png,maksssksksss400.csv
maksssksksss79.png,maksssksksss79.csv
maksssksksss113.png,maksssksksss113.csv
maksssksksss117.png,maksssksksss117.csv
maksssksksss740.png,maksssksksss740.csv
maksssksksss308.png,maksssksksss308.csv
maksssksksss270.png,maksssksksss270.csv
maksssksksss453.png,maksssksksss453.csv
maksssksksss17.png,maksssksksss17.csv
maksssksksss331.png,maksssksksss331.csv
maksssksksss5.png,maksssksksss5.csv
maksssksksss80.png,maksssksksss80.csv
maksssksksss176.png,maksssksksss176.csv
maksssksksss31.png,maksssksksss31.csv
maksssksksss71.png,maksssksksss71.csv
maksssksksss522.png,maksssksksss522.csv
maksssksksss637.png,maksssksksss637.csv
maksssksksss0.png,maksssksksss0.csv
maksssksksss115.png,maksssksksss115.csv
maksssksksss586.png,maksssksksss586.csv
maksssksksss37.png,maksssksksss37.csv
maksssksksss239.png,maksssksksss239.csv
maksssksksss263.png,maksssksksss263.csv
maksssksksss124.png,maksssksksss124.csv
maksssksksss392.png,maksssksksss392.csv
maksssksksss178.png,maksssksksss178.csv
maksssksksss644.png,maksssksksss644.csv
maksssksksss258.png,maksssksksss258.csv
maksssksksss804.png,maksssksksss804.csv
maksssksksss656.png,maksssksksss656.csv
maksssksksss7.png,maksssksksss7.csv
maksssksksss764.png,maksssksksss764.csv
maksssksksss340.png,maksssksksss340.csv
maksssksksss651.png,maksssksksss651.csv
maksssksksss503.png,maksssksksss503.csv
maksssksksss204.png,maksssksksss204.csv
maksssksksss319.png,maksssksksss319.csv
maksssksksss502.png,maksssksksss502.csv
maksssksksss498.png,maksssksksss498.csv
maksssksksss161.png,maksssksksss161.csv
maksssksksss357.png,maksssksksss357.csv
maksssksksss158.png,maksssksksss158.csv
maksssksksss769.png,maksssksksss769.csv
maksssksksss197.png,maksssksksss197.csv
maksssksksss829.png,maksssksksss829.csv
maksssksksss476.png,maksssksksss476.csv
maksssksksss704.png,maksssksksss704.csv
maksssksksss325.png,maksssksksss325.csv
maksssksksss786.png,maksssksksss786.csv
maksssksksss81.png,maksssksksss81.csv
maksssksksss617.png,maksssksksss617.csv
maksssksksss422.png,maksssksksss422.csv
maksssksksss833.png,maksssksksss833.csv
maksssksksss187.png,maksssksksss187.csv
maksssksksss120.png,maksssksksss120.csv
maksssksksss454.png,maksssksksss454.csv
maksssksksss692.png,maksssksksss692.csv
maksssksksss836.png,maksssksksss836.csv
maksssksksss148.png,maksssksksss148.csv
maksssksksss709.png,maksssksksss709.csv
maksssksksss593.png,maksssksksss593.csv
maksssksksss698.png,maksssksksss698.csv
maksssksksss481.png,maksssksksss481.csv
maksssksksss240.png,maksssksksss240.csv
maksssksksss647.png,maksssksksss647.csv
maksssksksss212.png,maksssksksss212.csv
maksssksksss232.png,maksssksksss232.csv
maksssksksss302.png,maksssksksss302.csv
maksssksksss426.png,maksssksksss426.csv
maksssksksss783.png,maksssksksss783.csv
maksssksksss606.png,maksssksksss606.csv
maksssksksss641.png,maksssksksss641.csv
maksssksksss334.png,maksssksksss334.csv
maksssksksss604.png,maksssksksss604.csv
maksssksksss612.png,maksssksksss612.csv
maksssksksss535.png,maksssksksss535.csv
maksssksksss300.png,maksssksksss300.csv
maksssksksss558.png,maksssksksss558.csv
maksssksksss590.png,maksssksksss590.csv
maksssksksss149.png,maksssksksss149.csv
maksssksksss781.png,maksssksksss781.csv
maksssksksss848.png,maksssksksss848.csv
maksssksksss170.png,maksssksksss170.csv
maksssksksss12.png,maksssksksss12.csv
maksssksksss509.png,maksssksksss509.csv
maksssksksss196.png,maksssksksss196.csv
maksssksksss111.png,maksssksksss111.csv
maksssksksss324.png,maksssksksss324.csv
maksssksksss139.png,maksssksksss139.csv
maksssksksss831.png,maksssksksss831.csv
maksssksksss83.png,maksssksksss83.csv
maksssksksss495.png,maksssksksss495.csv
maksssksksss840.png,maksssksksss840.csv
maksssksksss482.png,maksssksksss482.csv
maksssksksss588.png,maksssksksss588.csv
maksssksksss74.png,maksssksksss74.csv
maksssksksss697.png,maksssksksss697.csv
maksssksksss152.png,maksssksksss152.csv
maksssksksss190.png,maksssksksss190.csv
maksssksksss159.png,maksssksksss159.csv
maksssksksss369.png,maksssksksss369.csv
maksssksksss720.png,maksssksksss720.csv
maksssksksss244.png,maksssksksss244.csv
maksssksksss707.png,maksssksksss707.csv
maksssksksss821.png,maksssksksss821.csv
maksssksksss595.png,maksssksksss595.csv
maksssksksss811.png,maksssksksss811.csv
maksssksksss10.png,maksssksksss10.csv
maksssksksss69.png,maksssksksss69.csv
maksssksksss594.png,maksssksksss594.csv
maksssksksss406.png,maksssksksss406.csv
maksssksksss256.png,maksssksksss256.csv
maksssksksss767.png,maksssksksss767.csv
maksssksksss234.png,maksssksksss234.csv
maksssksksss414.png,maksssksksss414.csv
maksssksksss188.png,maksssksksss188.csv
maksssksksss670.png,maksssksksss670.csv
maksssksksss413.png,maksssksksss413.csv
maksssksksss91.png,maksssksksss91.csv
maksssksksss87.png,maksssksksss87.csv
maksssksksss346.png,maksssksksss346.csv
maksssksksss825.png,maksssksksss825.csv
maksssksksss797.png,maksssksksss797.csv
maksssksksss271.png,maksssksksss271.csv
maksssksksss47.png,maksssksksss47.csv
maksssksksss749.png,maksssksksss749.csv
maksssksksss568.png,maksssksksss568.csv
maksssksksss330.png,maksssksksss330.csv
maksssksksss122.png,maksssksksss122.csv
maksssksksss34.png,maksssksksss34.csv
maksssksksss259.png,maksssksksss259.csv
maksssksksss513.png,maksssksksss513.csv
maksssksksss48.png,maksssksksss48.csv
maksssksksss742.png,maksssksksss742.csv
maksssksksss61.png,maksssksksss61.csv
maksssksksss846.png,maksssksksss846.csv
maksssksksss827.png,maksssksksss827.csv
maksssksksss435.png,maksssksksss435.csv
maksssksksss201.png,maksssksksss201.csv
maksssksksss210.png,maksssksksss210.csv
maksssksksss137.png,maksssksksss137.csv
maksssksksss193.png,maksssksksss193.csv
maksssksksss245.png,maksssksksss245.csv
maksssksksss320.png,maksssksksss320.csv
maksssksksss725.png,maksssksksss725.csv
maksssksksss266.png,maksssksksss266.csv
maksssksksss689.png,maksssksksss689.csv
maksssksksss610.png,maksssksksss610.csv
maksssksksss362.png,maksssksksss362.csv
maksssksksss384.png,maksssksksss384.csv
maksssksksss233.png,maksssksksss233.csv
maksssksksss322.png,maksssksksss322.csv
maksssksksss249.png,maksssksksss249.csv
maksssksksss126.png,maksssksksss126.csv
maksssksksss328.png,maksssksksss328.csv
maksssksksss13.png,maksssksksss13.csv
maksssksksss655.png,maksssksksss655.csv
maksssksksss238.png,maksssksksss238.csv
maksssksksss410.png,maksssksksss410.csv
maksssksksss467.png,maksssksksss467.csv
maksssksksss737.png,maksssksksss737.csv
maksssksksss100.png,maksssksksss100.csv
maksssksksss341.png,maksssksksss341.csv
maksssksksss248.png,maksssksksss248.csv
maksssksksss572.png,maksssksksss572.csv
maksssksksss719.png,maksssksksss719.csv
maksssksksss311.png,maksssksksss311.csv
maksssksksss770.png,maksssksksss770.csv
maksssksksss101.png,maksssksksss101.csv
maksssksksss738.png,maksssksksss738.csv
maksssksksss532.png,maksssksksss532.csv
maksssksksss265.png,maksssksksss265.csv
maksssksksss519.png,maksssksksss519.csv
maksssksksss798.png,maksssksksss798.csv
maksssksksss208.png,maksssksksss208.csv
maksssksksss396.png,maksssksksss396.csv
maksssksksss138.png,maksssksksss138.csv
maksssksksss19.png,maksssksksss19.csv
maksssksksss274.png,maksssksksss274.csv
maksssksksss27.png,maksssksksss27.csv
maksssksksss645.png,maksssksksss645.csv
maksssksksss716.png,maksssksksss716.csv
maksssksksss332.png,maksssksksss332.csv
maksssksksss777.png,maksssksksss777.csv
maksssksksss625.png,maksssksksss625.csv
maksssksksss292.png,maksssksksss292.csv
maksssksksss376.png,maksssksksss376.csv
maksssksksss556.png,maksssksksss556.csv
maksssksksss371.png,maksssksksss371.csv
maksssksksss488.png,maksssksksss488.csv
maksssksksss839.png,maksssksksss839.csv
maksssksksss433.png,maksssksksss433.csv
maksssksksss518.png,maksssksksss518.csv
maksssksksss96.png,maksssksksss96.csv
maksssksksss264.png,maksssksksss264.csv
maksssksksss632.png,maksssksksss632.csv
maksssksksss475.png,maksssksksss475.csv
maksssksksss754.png,maksssksksss754.csv
maksssksksss663.png,maksssksksss663.csv
maksssksksss168.png,maksssksksss168.csv
maksssksksss552.png,maksssksksss552.csv
maksssksksss760.png,maksssksksss760.csv
maksssksksss671.png,maksssksksss671.csv
maksssksksss717.png,maksssksksss717.csv
maksssksksss205.png,maksssksksss205.csv
maksssksksss525.png,maksssksksss525.csv
maksssksksss315.png,maksssksksss315.csv
maksssksksss668.png,maksssksksss668.csv
maksssksksss634.png,maksssksksss634.csv
maksssksksss226.png,maksssksksss226.csv
maksssksksss765.png,maksssksksss765.csv
maksssksksss592.png,maksssksksss592.csv
maksssksksss403.png,maksssksksss403.csv
maksssksksss472.png,maksssksksss472.csv
maksssksksss169.png,maksssksksss169.csv
maksssksksss305.png,maksssksksss305.csv
maksssksksss402.png,maksssksksss402.csv
maksssksksss515.png,maksssksksss515.csv
maksssksksss555.png,maksssksksss555.csv
maksssksksss132.png,maksssksksss132.csv
maksssksksss542.png,maksssksksss542.csv
maksssksksss681.png,maksssksksss681.csv
maksssksksss134.png,maksssksksss134.csv
maksssksksss180.png,maksssksksss180.csv
maksssksksss227.png,maksssksksss227.csv
maksssksksss420.png,maksssksksss420.csv
maksssksksss466.png,maksssksksss466.csv
maksssksksss730.png,maksssksksss730.csv
maksssksksss626.png,maksssksksss626.csv
maksssksksss624.png,maksssksksss624.csv
maksssksksss824.png,maksssksksss824.csv
maksssksksss314.png,maksssksksss314.csv
maksssksksss39.png,maksssksksss39.csv
maksssksksss252.png,maksssksksss252.csv
maksssksksss733.png,maksssksksss733.csv
maksssksksss356.png,maksssksksss356.csv
maksssksksss276.png,maksssksksss276.csv
maksssksksss254.png,maksssksksss254.csv
maksssksksss758.png,maksssksksss758.csv
maksssksksss710.png,maksssksksss710.csv
maksssksksss445.png,maksssksksss445.csv
maksssksksss370.png,maksssksksss370.csv
maksssksksss619.png,maksssksksss619.csv
maksssksksss678.png,maksssksksss678.csv
maksssksksss571.png,maksssksksss571.csv
maksssksksss430.png,maksssksksss430.csv
maksssksksss200.png,maksssksksss200.csv
maksssksksss499.png,maksssksksss499.csv
maksssksksss82.png,maksssksksss82.csv
maksssksksss771.png,maksssksksss771.csv
maksssksksss345.png,maksssksksss345.csv
maksssksksss696.png,maksssksksss696.csv
maksssksksss576.png,maksssksksss576.csv
maksssksksss541.png,maksssksksss541.csv
maksssksksss62.png,maksssksksss62.csv
maksssksksss790.png,maksssksksss790.csv
maksssksksss597.png,maksssksksss597.csv
maksssksksss750.png,maksssksksss750.csv
maksssksksss838.png,maksssksksss838.csv
maksssksksss816.png,maksssksksss816.csv
maksssksksss251.png,maksssksksss251.csv
maksssksksss141.png,maksssksksss141.csv
maksssksksss464.png,maksssksksss464.csv
maksssksksss399.png,maksssksksss399.csv
maksssksksss560.png,maksssksksss560.csv
maksssksksss584.png,maksssksksss584.csv
maksssksksss680.png,maksssksksss680.csv
maksssksksss183.png,maksssksksss183.csv
maksssksksss669.png,maksssksksss669.csv
maksssksksss843.png,maksssksksss843.csv
maksssksksss354.png,maksssksksss354.csv
maksssksksss15.png,maksssksksss15.csv
maksssksksss143.png,maksssksksss143.csv
maksssksksss526.png,maksssksksss526.csv
maksssksksss543.png,maksssksksss543.csv
maksssksksss768.png,maksssksksss768.csv
maksssksksss280.png,maksssksksss280.csv
maksssksksss421.png,maksssksksss421.csv
maksssksksss654.png,maksssksksss654.csv
maksssksksss493.png,maksssksksss493.csv
maksssksksss229.png,maksssksksss229.csv
maksssksksss68.png,maksssksksss68.csv
maksssksksss553.png,maksssksksss553.csv
maksssksksss694.png,maksssksksss694.csv
maksssksksss307.png,maksssksksss307.csv
maksssksksss26.png,maksssksksss26.csv
maksssksksss375.png,maksssksksss375.csv
maksssksksss667.png,maksssksksss667.csv
maksssksksss844.png,maksssksksss844.csv
maksssksksss559.png,maksssksksss559.csv
maksssksksss582.png,maksssksksss582.csv
maksssksksss585.png,maksssksksss585.csv
maksssksksss167.png,maksssksksss167.csv
maksssksksss351.png,maksssksksss351.csv
maksssksksss815.png,maksssksksss815.csv
maksssksksss534.png,maksssksksss534.csv
maksssksksss473.png,maksssksksss473.csv
maksssksksss296.png,maksssksksss296.csv
maksssksksss735.png,maksssksksss735.csv
maksssksksss105.png,maksssksksss105.csv
maksssksksss631.png,maksssksksss631.csv
maksssksksss761.png,maksssksksss761.csv
maksssksksss77.png,maksssksksss77.csv
maksssksksss3.png,maksssksksss3.csv
maksssksksss607.png,maksssksksss607.csv
maksssksksss203.png,maksssksksss203.csv
maksssksksss567.png,maksssksksss567.csv
maksssksksss288.png,maksssksksss288.csv
maksssksksss510.png,maksssksksss510.csv
maksssksksss462.png,maksssksksss462.csv
maksssksksss102.png,maksssksksss102.csv
maksssksksss744.png,maksssksksss744.csv
maksssksksss456.png,maksssksksss456.csv
maksssksksss243.png,maksssksksss243.csv
maksssksksss658.png,maksssksksss658.csv
maksssksksss23.png,maksssksksss23.csv
maksssksksss424.png,maksssksksss424.csv
maksssksksss401.png,maksssksksss401.csv
maksssksksss221.png,maksssksksss221.csv
maksssksksss788.png,maksssksksss788.csv
maksssksksss712.png,maksssksksss712.csv
maksssksksss629.png,maksssksksss629.csv
maksssksksss504.png,maksssksksss504.csv
maksssksksss537.png,maksssksksss537.csv
maksssksksss627.png,maksssksksss627.csv
maksssksksss662.png,maksssksksss662.csv
maksssksksss791.png,maksssksksss791.csv
maksssksksss801.png,maksssksksss801.csv
maksssksksss795.png,maksssksksss795.csv
maksssksksss301.png,maksssksksss301.csv
maksssksksss98.png,maksssksksss98.csv
maksssksksss407.png,maksssksksss407.csv
maksssksksss11.png,maksssksksss11.csv
maksssksksss20.png,maksssksksss20.csv
maksssksksss147.png,maksssksksss147.csv
maksssksksss260.png,maksssksksss260.csv
maksssksksss813.png,maksssksksss813.csv
maksssksksss530.png,maksssksksss530.csv
maksssksksss207.png,maksssksksss207.csv
maksssksksss819.png,maksssksksss819.csv
maksssksksss405.png,maksssksksss405.csv
maksssksksss44.png,maksssksksss44.csv
maksssksksss394.png,maksssksksss394.csv
maksssksksss52.png,maksssksksss52.csv
maksssksksss732.png,maksssksksss732.csv
maksssksksss784.png,maksssksksss784.csv
maksssksksss175.png,maksssksksss175.csv
maksssksksss779.png,maksssksksss779.csv
maksssksksss736.png,maksssksksss736.csv
maksssksksss516.png,maksssksksss516.csv
maksssksksss108.png,maksssksksss108.csv
maksssksksss734.png,maksssksksss734.csv
maksssksksss830.png,maksssksksss830.csv
maksssksksss581.png,maksssksksss581.csv
maksssksksss70.png,maksssksksss70.csv
maksssksksss690.png,maksssksksss690.csv
maksssksksss677.png,maksssksksss677.csv
maksssksksss214.png,maksssksksss214.csv
maksssksksss441.png,maksssksksss441.csv
maksssksksss253.png,maksssksksss253.csv
maksssksksss807.png,maksssksksss807.csv
maksssksksss182.png,maksssksksss182.csv
maksssksksss237.png,maksssksksss237.csv
maksssksksss181.png,maksssksksss181.csv
maksssksksss8.png,maksssksksss8.csv
maksssksksss548.png,maksssksksss548.csv
maksssksksss136.png,maksssksksss136.csv
maksssksksss601.png,maksssksksss601.csv
maksssksksss393.png,maksssksksss393.csv
maksssksksss633.png,maksssksksss633.csv
maksssksksss547.png,maksssksksss547.csv
maksssksksss683.png,maksssksksss683.csv
maksssksksss6.png,maksssksksss6.csv
maksssksksss33.png,maksssksksss33.csv
maksssksksss43.png,maksssksksss43.csv
maksssksksss269.png,maksssksksss269.csv
maksssksksss383.png,maksssksksss383.csv
maksssksksss353.png,maksssksksss353.csv
maksssksksss674.png,maksssksksss674.csv
maksssksksss796.png,maksssksksss796.csv
maksssksksss198.png,maksssksksss198.csv
maksssksksss514.png,maksssksksss514.csv
maksssksksss800.png,maksssksksss800.csv
maksssksksss531.png,maksssksksss531.csv
maksssksksss455.png,maksssksksss455.csv
maksssksksss471.png,maksssksksss471.csv
maksssksksss64.png,maksssksksss64.csv
maksssksksss731.png,maksssksksss731.csv
maksssksksss603.png,maksssksksss603.csv
maksssksksss174.png,maksssksksss174.csv
maksssksksss213.png,maksssksksss213.csv
maksssksksss130.png,maksssksksss130.csv
maksssksksss636.png,maksssksksss636.csv
maksssksksss778.png,maksssksksss778.csv
maksssksksss364.png,maksssksksss364.csv
maksssksksss823.png,maksssksksss823.csv
maksssksksss153.png,maksssksksss153.csv
maksssksksss609.png,maksssksksss609.csv
maksssksksss451.png,maksssksksss451.csv
maksssksksss50.png,maksssksksss50.csv
maksssksksss605.png,maksssksksss605.csv
maksssksksss49.png,maksssksksss49.csv
maksssksksss262.png,maksssksksss262.csv
maksssksksss806.png,maksssksksss806.csv
maksssksksss118.png,maksssksksss118.csv
maksssksksss206.png,maksssksksss206.csv
maksssksksss832.png,maksssksksss832.csv
maksssksksss773.png,maksssksksss773.csv
maksssksksss562.png,maksssksksss562.csv
maksssksksss550.png,maksssksksss550.csv
maksssksksss762.png,maksssksksss762.csv
maksssksksss57.png,maksssksksss57.csv
maksssksksss1.png,maksssksksss1.csv
maksssksksss342.png,maksssksksss342.csv
maksssksksss563.png,maksssksksss563.csv
maksssksksss614.png,maksssksksss614.csv
maksssksksss352.png,maksssksksss352.csv
maksssksksss494.png,maksssksksss494.csv
maksssksksss309.png,maksssksksss309.csv
maksssksksss419.png,maksssksksss419.csv
maksssksksss382.png,maksssksksss382.csv
maksssksksss687.png,maksssksksss687.csv
maksssksksss165.png,maksssksksss165.csv
maksssksksss104.png,maksssksksss104.csv
maksssksksss727.png,maksssksksss727.csv
maksssksksss772.png,maksssksksss772.csv
maksssksksss282.png,maksssksksss282.csv
maksssksksss65.png,maksssksksss65.csv
maksssksksss852.png,maksssksksss852.csv
maksssksksss151.png,maksssksksss151.csv
maksssksksss391.png,maksssksksss391.csv
maksssksksss216.png,maksssksksss216.csv
maksssksksss72.png,maksssksksss72.csv
maksssksksss290.png,maksssksksss290.csv
maksssksksss691.png,maksssksksss691.csv
maksssksksss109.png,maksssksksss109.csv
maksssksksss459.png,maksssksksss459.csv
maksssksksss154.png,maksssksksss154.csv
maksssksksss638.png,maksssksksss638.csv
maksssksksss135.png,maksssksksss135.csv
maksssksksss602.png,maksssksksss602.csv
maksssksksss16.png,maksssksksss16.csv
maksssksksss591.png,maksssksksss591.csv
maksssksksss397.png,maksssksksss397.csv
maksssksksss653.png,maksssksksss653.csv
maksssksksss551.png,maksssksksss551.csv
maksssksksss304.png,maksssksksss304.csv
maksssksksss596.png,maksssksksss596.csv
maksssksksss241.png,maksssksksss241.csv
maksssksksss496.png,maksssksksss496.csv
maksssksksss693.png,maksssksksss693.csv
maksssksksss404.png,maksssksksss404.csv
maksssksksss416.png,maksssksksss416.csv
maksssksksss114.png,maksssksksss114.csv
maksssksksss35.png,maksssksksss35.csv
maksssksksss177.png,maksssksksss177.csv
maksssksksss186.png,maksssksksss186.csv
maksssksksss225.png,maksssksksss225.csv
maksssksksss388.png,maksssksksss388.csv
maksssksksss106.png,maksssksksss106.csv
maksssksksss377.png,maksssksksss377.csv
maksssksksss743.png,maksssksksss743.csv
maksssksksss335.png,maksssksksss335.csv
maksssksksss580.png,maksssksksss580.csv
maksssksksss443.png,maksssksksss443.csv
maksssksksss517.png,maksssksksss517.csv
maksssksksss565.png,maksssksksss565.csv
maksssksksss802.png,maksssksksss802.csv
maksssksksss367.png,maksssksksss367.csv
maksssksksss714.png,maksssksksss714.csv
maksssksksss76.png,maksssksksss76.csv
maksssksksss29.png,maksssksksss29.csv
maksssksksss217.png,maksssksksss217.csv
maksssksksss622.png,maksssksksss622.csv
maksssksksss278.png,maksssksksss278.csv
maksssksksss546.png,maksssksksss546.csv
maksssksksss423.png,maksssksksss423.csv
maksssksksss657.png,maksssksksss657.csv
maksssksksss415.png,maksssksksss415.csv
maksssksksss756.png,maksssksksss756.csv
maksssksksss501.png,maksssksksss501.csv
maksssksksss4.png,maksssksksss4.csv
maksssksksss22.png,maksssksksss22.csv
maksssksksss570.png,maksssksksss570.csv
maksssksksss51.png,maksssksksss51.csv
maksssksksss842.png,maksssksksss842.csv
maksssksksss679.png,maksssksksss679.csv
maksssksksss289.png,maksssksksss289.csv
maksssksksss701.png,maksssksksss701.csv
maksssksksss684.png,maksssksksss684.csv
maksssksksss379.png,maksssksksss379.csv
maksssksksss500.png,maksssksksss500.csv
maksssksksss574.png,maksssksksss574.csv
maksssksksss150.png,maksssksksss150.csv
maksssksksss845.png,maksssksksss845.csv
maksssksksss706.png,maksssksksss706.csv
maksssksksss338.png,maksssksksss338.csv
maksssksksss281.png,maksssksksss281.csv
maksssksksss540.png,maksssksksss540.csv
maksssksksss25.png,maksssksksss25.csv
maksssksksss179.png,maksssksksss179.csv
maksssksksss211.png,maksssksksss211.csv
maksssksksss429.png,maksssksksss429.csv
maksssksksss549.png,maksssksksss549.csv
maksssksksss834.png,maksssksksss834.csv
maksssksksss42.png,maksssksksss42.csv
maksssksksss173.png,maksssksksss173.csv
maksssksksss85.png,maksssksksss85.csv
maksssksksss748.png,maksssksksss748.csv
maksssksksss575.png,maksssksksss575.csv
maksssksksss643.png,maksssksksss643.csv
maksssksksss579.png,maksssksksss579.csv
maksssksksss822.png,maksssksksss822.csv
maksssksksss163.png,maksssksksss163.csv
maksssksksss623.png,maksssksksss623.csv
maksssksksss505.png,maksssksksss505.csv
maksssksksss439.png,maksssksksss439.csv
maksssksksss766.png,maksssksksss766.csv
maksssksksss450.png,maksssksksss450.csv
maksssksksss492.png,maksssksksss492.csv
maksssksksss483.png,maksssksksss483.csv
maksssksksss789.png,maksssksksss789.csv
maksssksksss60.png,maksssksksss60.csv
maksssksksss156.png,maksssksksss156.csv
maksssksksss366.png,maksssksksss366.csv
maksssksksss127.png,maksssksksss127.csv
maksssksksss361.png,maksssksksss361.csv
maksssksksss365.png,maksssksksss365.csv
maksssksksss479.png,maksssksksss479.csv
maksssksksss235.png,maksssksksss235.csv
maksssksksss387.png,maksssksksss387.csv
maksssksksss686.png,maksssksksss686.csv
maksssksksss564.png,maksssksksss564.csv
maksssksksss702.png,maksssksksss702.csv
maksssksksss529.png,maksssksksss529.csv
maksssksksss432.png,maksssksksss432.csv
maksssksksss121.png,maksssksksss121.csv
maksssksksss723.png,maksssksksss723.csv
maksssksksss171.png,maksssksksss171.csv
maksssksksss533.png,maksssksksss533.csv
maksssksksss425.png,maksssksksss425.csv
maksssksksss675.png,maksssksksss675.csv
maksssksksss408.png,maksssksksss408.csv
maksssksksss544.png,maksssksksss544.csv
maksssksksss306.png,maksssksksss306.csv
maksssksksss724.png,maksssksksss724.csv
maksssksksss850.png,maksssksksss850.csv
maksssksksss293.png,maksssksksss293.csv
maksssksksss283.png,maksssksksss283.csv
maksssksksss321.png,maksssksksss321.csv
maksssksksss491.png,maksssksksss491.csv
maksssksksss275.png,maksssksksss275.csv
maksssksksss799.png,maksssksksss799.csv
maksssksksss659.png,maksssksksss659.csv
maksssksksss185.png,maksssksksss185.csv
maksssksksss172.png,maksssksksss172.csv
maksssksksss508.png,maksssksksss508.csv
maksssksksss316.png,maksssksksss316.csv
maksssksksss55.png,maksssksksss55.csv
maksssksksss664.png,maksssksksss664.csv
maksssksksss561.png,maksssksksss561.csv
maksssksksss58.png,maksssksksss58.csv
maksssksksss469.png,maksssksksss469.csv
maksssksksss348.png,maksssksksss348.csv
maksssksksss90.png,maksssksksss90.csv
maksssksksss14.png,maksssksksss14.csv
maksssksksss166.png,maksssksksss166.csv
maksssksksss273.png,maksssksksss273.csv
maksssksksss794.png,maksssksksss794.csv
maksssksksss131.png,maksssksksss131.csv
maksssksksss9.png,maksssksksss9.csv
maksssksksss587.png,maksssksksss587.csv
maksssksksss489.png,maksssksksss489.csv
maksssksksss199.png,maksssksksss199.csv
maksssksksss713.png,maksssksksss713.csv
maksssksksss599.png,maksssksksss599.csv
maksssksksss620.png,maksssksksss620.csv
maksssksksss793.png,maksssksksss793.csv
maksssksksss36.png,maksssksksss36.csv
maksssksksss672.png,maksssksksss672.csv
maksssksksss569.png,maksssksksss569.csv
maksssksksss688.png,maksssksksss688.csv
maksssksksss520.png,maksssksksss520.csv
maksssksksss652.png,maksssksksss652.csv
maksssksksss157.png,maksssksksss157.csv
maksssksksss246.png,maksssksksss246.csv
maksssksksss257.png,maksssksksss257.csv
maksssksksss54.png,maksssksksss54.csv
maksssksksss837.png,maksssksksss837.csv
maksssksksss628.png,maksssksksss628.csv
maksssksksss30.png,maksssksksss30.csv
maksssksksss381.png,maksssksksss381.csv
maksssksksss386.png,maksssksksss386.csv
maksssksksss94.png,maksssksksss94.csv
maksssksksss164.png,maksssksksss164.csv
maksssksksss849.png,maksssksksss849.csv
maksssksksss523.png,maksssksksss523.csv
maksssksksss826.png,maksssksksss826.csv
maksssksksss718.png,maksssksksss718.csv
maksssksksss418.png,maksssksksss418.csv
maksssksksss465.png,maksssksksss465.csv
maksssksksss682.png,maksssksksss682.csv
maksssksksss703.png,maksssksksss703.csv
maksssksksss438.png,maksssksksss438.csv
maksssksksss119.png,maksssksksss119.csv
maksssksksss18.png,maksssksksss18.csv
maksssksksss192.png,maksssksksss192.csv
maksssksksss222.png,maksssksksss222.csv
maksssksksss539.png,maksssksksss539.csv
maksssksksss478.png,maksssksksss478.csv
maksssksksss745.png,maksssksksss745.csv
maksssksksss267.png,maksssksksss267.csv
maksssksksss428.png,maksssksksss428.csv
maksssksksss763.png,maksssksksss763.csv
maksssksksss649.png,maksssksksss649.csv
